Workbook

Sheet Лист1
A1: № | B1: наименование | C1: остаток | D1: приход | E1: перемещение | F1: расход | G1: расход | H1: расход | I1: остаток
A2: 1 | B2: ='[1]28.01'!B2 -> Немирофф 1л | C2: =[2]Лист11!I2 -> 2.85 | I2: =C2+D2-E2-F2-G2-H2 -> 2.85
A3: 2 | B3: ='[1]28.01'!B3 -> Немирофф 0,7 | C3: =[2]Лист11!I3 -> 6 | I3: =C3+D3-E3-F3-G3-H3 -> 6
A4: 3 | B4: ='[1]28.01'!B4 -> Немирофф 0,5 | C4: =[2]Лист11!I4 -> 6 | I4: =C4+D4-E4-F4-G4-H4 -> 6
A5: 4 | B5: Романов 0,5 | C5: =[2]Лист11!I5 -> 0 | I5: =C5+D5-E5-F5-G5-H5 -> 0
A6: 5 | B6: ='[1]28.01'!B6 -> Зерно 0,7 | C6: =[2]Лист11!I6 -> 3.2 | I6: =C6+D6-E6-F6-G6-H6 -> 3.2
A7: 6 | B7: Годунов 0,5 | C7: =[2]Лист11!I7 -> 7.3 | I7: =C7+D7-E7-F7-G7-H7 -> 7.3
A8: 7 | B8: ='[1]28.01'!B8 -> Хортица 1 л | C8: =[2]Лист11!I8 -> 3.4 | I8: =C8+D8-E8-F8-G8-H8 -> 3.4
A9: 8 | B9: ='[1]28.01'!B9 -> Хортица 0,7 | C9: =[2]Лист11!I9 -> 7 | I9: =C9+D9-E9-F9-G9-H9 -> 7
A10: 9 | B10: ='[1]28.01'!B10 -> Хортица 0,5 | C10: =[2]Лист11!I10 -> 9 | I10: =C10+D10-E10-F10-G10-H10 -> 9
A11: 10 | B11: ='[1]28.01'!B11 -> Зеленая марка 1л | C11: =[2]Лист11!I11 -> 1.3 | I11: =C11+D11-E11-F11-G11-H11 -> 1.3
A12: 11 | B12: ='[1]28.01'!B12 -> Зеленая марка 0,7 | C12: =[2]Лист11!I12 -> 5 | I12: =C12+D12-E12-F12-G12-H12 -> 5
A13: 12 | B13: ='[1]28.01'!B13 -> Зеленая марка 0,5 | C13: =[2]Лист11!I13 -> 3 | I13: =C13+D13-E13-F13-G13-H13 -> 3
A14: 13 | B14: ='[1]28.01'!B14 -> Хаома 1л | C14: =[2]Лист11!I14 -> 1.85 | I14: =C14+D14-E14-F14-G14-H14 -> 1.85
A15: 14 | B15: ='[1]28.01'!B15 -> Хаома 0,7 | C15: =[2]Лист11!I15 -> 4 | I15: =C15+D15-E15-F15-G15-H15 -> 4
A16: 15 | B16: ='[1]28.01'!B16 -> Хаома 0,5 | C16: =[2]Лист11!I16 -> 3 | I16: =C16+D16-E16-F16-G16-H16 -> 3
A17: 16 | B17: Талка 0,7 | C17: =[2]Лист11!I17 -> 2 | I17: =C17+D17-E17-F17-G17-H17 -> 2
A18: 17 | B18: Талка 0,5 | C18: =[2]Лист11!I18 -> 0 | I18: =C18+D18-E18-F18-G18-H18 -> 0
A19: 18 | B19: ='[1]28.01'!B17 -> JACK DANIELS 1л | C19: =[2]Лист11!I19 -> 1.4 | I19: =C19+D19-E19-F19-G19-H19 -> 1.4
A20: 19 | B20: ='[1]28.01'!B18 -> JACK DANIELS 0,7 | C20: =[2]Лист11!I20 -> 2 | I20: =C20+D20-E20-F20-G20-H20 -> 2
A21: 20 | B21: ='[1]28.01'!B19 -> JACK DANIELS 0,5 | C21: =[2]Лист11!I21 -> 1 | I21: =C21+D21-E21-F21-G21-H21 -> 1
A22: 21 | B22: ='[1]28.01'!B20 -> JAMESON 1л | C22: =[2]Лист11!I22 -> 0.8 | I22: =C22+D22-E22-F22-G22-H22 -> 0.8
A23: 22 | B23: ='[1]28.01'!B21 -> JAMESON 0,7 | C23: =[2]Лист11!I23 -> 2 | I23: =C23+D23-E23-F23-G23-H23 -> 2
A24: 23 | B24: ='[1]28.01'!B22 -> JAMESON 0,5 | C24: =[2]Лист11!I24 -> 2 | I24: =C24+D24-E24-F24-G24-H24 -> 2
A25: 24 | B25: ='[1]28.01'!B23 -> Скотч 0,7 | C25: =[2]Лист11!I25 -> 2.4 | I25: =C25+D25-E25-F25-G25-H25 -> 2.4
A26: 25 | B26: ='[1]28.01'!B24 -> Скотч 0,5 | C26: =[2]Лист11!I26 -> 3 | I26: =C26+D26-E26-F26-G26-H26 -> 3
A27: 26 | B27: ='[1]28.01'!B25 -> Ром 1л | C27: =[2]Лист11!I27 -> 1.25 | I27: =C27+D27-E27-F27-G27-H27 -> 1.25
A28: 27 | B28: Ром 0,7 | C28: =[2]Лист11!I28 -> 2 | I28: =C28+D28-E28-F28-G28-H28 -> 2
A29: 28 | B29: Ром 0,5 | C29: =[2]Лист11!I29 -> 2 | I29: =C29+D29-E29-F29-G29-H29 -> 2
A30: 29 | B30: Коньяк 0,7 | C30: =[2]Лист11!I30 -> 2.7 | I30: =C30+D30-E30-F30-G30-H30 -> 2.7
A31: 30 | B31: Коньяк 0,5 | C31: =[2]Лист11!I31 -> 2 | I31: =C31+D31-E31-F31-G31-H31 -> 2
A32: 31 | B32: ='[1]28.01'!B30 -> Алазанская долина | C32: =[2]Лист11!I32 -> 8 | I32: =C32+D32-E32-F32-G32-H32 -> 8
A33: 32 | B33: ='[1]28.01'!B31 -> Бахус | C33: =[2]Лист11!I33 -> 3 | I33: =C33+D33-E33-F33-G33-H33 -> 3
A34: 33 | B34: ='[1]28.01'!B32 -> Изуми | C34: =[2]Лист11!I34 -> 2 | I34: =C34+D34-E34-F34-G34-H34 -> 2
A35: 34 | B35: ='[1]28.01'!B33 -> Киндзмараули | C35: =[2]Лист11!I35 -> 0 | I35: =C35+D35-E35-F35-G35-H35 -> 0
A36: 35 | B36: ='[1]28.01'!B34 -> Ркацетели | C36: =[2]Лист11!I36 -> 3 | I36: =C36+D36-E36-F36-G36-H36 -> 3
A37: 36 | B37: ='[1]28.01'!B35 -> Шампанское | C37: =[2]Лист11!I37 -> 0 | I37: =C37+D37-E37-F37-G37-H37 -> 0
A38: 37 | B38: ='[1]28.01'!B36 -> Мартини 1л | C38: =[2]Лист11!I38 -> 0.85 | I38: =C38+D38-E38-F38-G38-H38 -> 0.85
A39: 38 | B39: Холстен | C39: =[2]Лист11!I39 -> 11 | I39: =C39+D39-E39-F39-G39-H39 -> 11
A40: 39 | B40: ='[1]28.01'!B38 -> Балтика 0 | C40: =[2]Лист11!I40 -> 14 | I40: =C40+D40-E40-F40-G40-H40 -> 14
A41: 40 | B41: ='[1]28.01'!B39 -> Балтика 5,7 | C41: =[2]Лист11!I41 -> 38 | I41: =C41+D41-E41-F41-G41-H41 -> 38
A42: 41 | B42: ='[1]28.01'!B40 -> Самерсби | C42: =[2]Лист11!I42 -> 5 | I42: =C42+D42-E42-F42-G42-H42 -> 5
A43: 42 | B43: ='[1]28.01'!B41 -> Кружка свежего | C43: =[2]Лист11!I43 -> 122 | I43: =C43+D43-E43-F43-G43-H43 -> 122
A44: 43 | B44: ='[1]28.01'!B42 -> Козел | C44: =[2]Лист11!I44 -> 0 | I44: =C44+D44-E44-F44-G44-H44 -> 0
A45: 44 | B45: ='[1]28.01'!B43 -> Миллер | C45: =[2]Лист11!I45 -> 17 | I45: =C45+D45-E45-F45-G45-H45 -> 17
A46: 45 | B46: ='[1]28.01'!B44 -> Бавария | C46: =[2]Лист11!I46 -> 0 | I46: =C46+D46-E46-F46-G46-H46 -> 0
A47: 46 | B47: ='[1]28.01'!B45 -> Жатецкий гусь | C47: =[2]Лист11!I47 -> 39 | I47: =C47+D47-E47-F47-G47-H47 -> 39
A48: 47 | B48: ='[1]28.01'!B46 -> Бланк | C48: =[2]Лист11!I48 -> 12 | I48: =C48+D48-E48-F48-G48-H48 -> 12
A49: 48 | B49: горилла | C49: =[2]Лист11!I49 -> 9 | I49: =C49+D49-E49-F49-G49-H49 -> 9
A50: 49 | B50: Хайнекен | C50: =[2]Лист11!I50 -> 12 | I50: =C50+D50-E50-F50-G50-H50 -> 12
A51: 50 | B51: Ючанг | C51: =[2]Лист11!I51 -> 30 | I51: =C51+D51-E51-F51-G51-H51 -> 30
A52: 51 | B52: ='[1]28.01'!B48 -> Дизи | C52: =[2]Лист11!I52 -> 8 | I52: =C52+D52-E52-F52-G52-H52 -> 8
A53: 52 | B53: ='[1]28.01'!B49 -> Чай черный | C53: =[2]Лист11!I53 -> 93 | I53: =C53+D53-E53-F53-G53-H53 -> 93
A54: 53 | B54: ='[1]28.01'!B50 -> Чай зеленый | C54: =[2]Лист11!I54 -> 88 | I54: =C54+D54-E54-F54-G54-H54 -> 88
A55: 54 | B55: ='[1]28.01'!B51 -> кофе | C55: =[2]Лист11!I55 -> 28 | I55: =C55+D55-E55-F55-G55-H55 -> 28
A56: 55 | B56: ='[1]28.01'!B52 -> капсулы | C56: =[2]Лист11!I56 -> 13 | I56: =C56+D56-E56-F56-G56-H56 -> 13
A57: 56 | B57: ='[1]28.01'!B53 -> шоколад | C57: =[2]Лист11!I57 -> 15 | I57: =C57+D57-E57-F57-G57-H57 -> 15
A58: 57 | B58: ='[1]28.01'!B54 -> сникерс | C58: =[2]Лист11!I58 -> 3 | I58: =C58+D58-E58-F58-G58-H58 -> 3
A59: 58 | B59: ='[1]28.01'!B55 -> орбит | C59: =[2]Лист11!I59 -> 6 | I59: =C59+D59-E59-F59-G59-H59 -> 6
A60: 59 | B60: ='[1]28.01'!B56 -> спички | C60: =[2]Лист11!I60 -> 10 | I60: =C60+D60-E60-F60-G60-H60 -> 10
A61: 60 | B61: ='[1]28.01'!B57 -> зажигалки | C61: =[2]Лист11!I61 -> 12 | I61: =C61+D61-E61-F61-G61-H61 -> 12
A62: 61 | B62: ='[1]28.01'!B58 -> Парламент | C62: =[2]Лист11!I62 -> 6 | I62: =C62+D62-E62-F62-G62-H62 -> 6
A63: 62 | B63: ='[1]28.01'!B59 -> Кент | C63: =[2]Лист11!I63 -> 0 | I63: =C63+D63-E63-F63-G63-H63 -> 0
... A74: 73 | B74: ='[1]28.01'!B70 -> Моохито | C74: =[2]Лист11!I74 -> 14 | I74: =C74+D74-E74-F74-G74-H74 -> 14
A75: 74 | B75: ='[1]28.01'!B71 -> Курт маленький | C75: =[2]Лист11!I75 -> 14 | I75: 14
A76: 75 | B76: ='[1]28.01'!B72 -> Кириешки маленькие | C76: =[2]Лист11!I76 -> 18 | I76: =C76+D76-E76-F76-G76-H76 -> 18
A77: 76 | B77: ='[1]28.01'!B73 -> Кириешки с соусом | C77: =[2]Лист11!I77 -> 67 | I77: =C77+D77-E77-F77-G77-H77 -> 67
A78: 77 | B78: ='[1]28.01'!B74 -> Кириешки большие | C78: =[2]Лист11!I78 -> 38 | I78: =C78+D78-E78-F78-G78-H78 -> 38
A79: 78 | B79: ='[1]28.01'!B75 -> Чипсы большие | C79: =[2]Лист11!I79 -> 21 | I79: =C79+D79-E79-F79-G79-H79 -> 21
A80: 79 | B80: ='[1]28.01'!B76 -> Чипсы средние | C80: =[2]Лист11!I80 -> 30 | I80: =C80+D80-E80-F80-G80-H80 -> 30
A81: 80 | B81: ='[1]28.01'!B77 -> Арахис большой | C81: =[2]Лист11!I81 -> 47 | I81: =C81+D81-E81-F81-G81-H81 -> 47
A82: 81 | B82: ='[1]28.01'!B78 -> Арахис маленький | C82: =[2]Лист11!I82 -> 45 | I82: =C82+D82-E82-F82-G82-H82 -> 45
A83: 82 | B83: ='[1]28.01'!B79 -> Фисташки | C83: =[2]Лист11!I83 -> 35 | I83: =C83+D83-E83-F83-G83-H83 -> 35
A84: 83 | B84: ='[1]28.01'!B80 -> Караван большой | C84: =[2]Лист11!I84 -> 27 | I84: =C84+D84-E84-F84-G84-H84 -> 27
A85: 84 | B85: ='[1]28.01'!B81 -> Караван маленький | C85: =[2]Лист11!I85 -> 0 | I85: =C85+D85-E85-F85-G85-H85 -> 0
A86: 85 | B86: ='[1]28.01'!B82 -> луковые кольца | C86: =[2]Лист11!I86 -> 0 | I86: =C86+D86-E86-F86-G86-H86 -> 0
A87: 86 | B87: ='[1]28.01'!B83 -> Чечел | C87: =[2]Лист11!I87 -> 8 | I87: =C87+D87-E87-F87-G87-H87 -> 8
... A89: 88 | B89: ='[1]28.01'!B85 -> Жигули | C89: =[2]Лист11!I89 -> 171.5 | I89: =C89+D89-E89-F89-G89-H89 -> 171.5
C90: =[2]Лист11!I90 -> 0 | I90: =C90+D90-E90-F90-G90-H90 -> 0
C91: =[2]Лист11!I91 -> 0 | I91: =C91+D91-E91-F91-G91-H91 -> 0
C92: =[2]Лист11!I92 -> 0 | I92: =C92+D92-E92-F92-G92-H92 -> 0
C93: =[2]Лист11!I93 -> 0 | I93: =C93+D93-E93-F93-G93-H93 -> 0
C94: =[2]Лист11!I94 -> 0 | I94: =C94+D94-E94-F94-G94-H94 -> 0
